{
    "f0_mean": 64.24132512135547,
    "f0_std": 10.565065294603368,
    "jitter_perc": 2.0859511445062204,
    "jitter_abs": 0.00033526966691272797,
    "shimmer_perc": 12.20300579071045,
    "shimmer_abs": 3.648338679340668e-05,
    "hnr": -0.10411195456981659
}